{
  "totalSessions": 83,
  "averageSessionDuration": 110.86163150602411,
  "pagesPerSession": 3.0481927710843375,
  "deviceBreakdown": {
    "desktop": {
      "sessions": 57,
      "averageSessionDuration": 76.57983098245614,
      "pageViews": 140
    },
    "mobile": {
      "sessions": 26,
      "averageSessionDuration": 186.0178865,
      "pageViews": 113
    }
  }
}