{
  "totalSessions": 66,
  "averageSessionDuration": 118.76512381818182,
  "pagesPerSession": 2.696969696969697,
  "deviceBreakdown": {
    "desktop": {
      "sessions": 35,
      "averageSessionDuration": 95.24835077142858,
      "pageViews": 63
    },
    "mobile": {
      "sessions": 31,
      "averageSessionDuration": 145.3163191935484,
      "pageViews": 115
    }
  }
}