{
  "totalSessions": 58,
  "averageSessionDuration": 150.84605718965517,
  "pagesPerSession": 1.6896551724137931,
  "deviceBreakdown": {
    "mobile": {
      "sessions": 41,
      "averageSessionDuration": 183.6973873902439,
      "pageViews": 61
    },
    "desktop": {
      "sessions": 17,
      "averageSessionDuration": 71.61637847058824,
      "pageViews": 37
    }
  }
}