{
  "totalSessions": 72,
  "averageSessionDuration": 122.49949140277778,
  "pagesPerSession": 3.1666666666666665,
  "deviceBreakdown": {
    "desktop": {
      "sessions": 49,
      "averageSessionDuration": 86.45402497959184,
      "pageViews": 126
    },
    "mobile": {
      "sessions": 23,
      "averageSessionDuration": 199.29200682608695,
      "pageViews": 102
    }
  }
}