{
  "totalSessions": 77,
  "averageSessionDuration": 117.67887196103895,
  "pagesPerSession": 3.064935064935065,
  "deviceBreakdown": {
    "desktop": {
      "sessions": 53,
      "averageSessionDuration": 84.48220724528302,
      "pageViews": 133
    },
    "mobile": {
      "sessions": 24,
      "averageSessionDuration": 190.98817320833334,
      "pageViews": 103
    }
  }
}