{
  "totalSessions": 45,
  "averageSessionDuration": 87.77400355555554,
  "pagesPerSession": 1.2222222222222223,
  "deviceBreakdown": {
    "mobile": {
      "sessions": 27,
      "averageSessionDuration": 135.4754265185185,
      "pageViews": 34
    },
    "desktop": {
      "sessions": 18,
      "averageSessionDuration": 16.22186911111111,
      "pageViews": 21
    }
  }
}