{
  "totalSessions": 19,
  "averageSessionDuration": 19.13399684210526,
  "pagesPerSession": 1.368421052631579,
  "deviceBreakdown": {
    "desktop": {
      "sessions": 14,
      "averageSessionDuration": 23.988369785714287,
      "pageViews": 21
    },
    "mobile": {
      "sessions": 5,
      "averageSessionDuration": 5.541752600000001,
      "pageViews": 5
    }
  }
}