{
  "totalSessions": 81,
  "averageSessionDuration": 113.51623156790123,
  "pagesPerSession": 3.0617283950617282,
  "deviceBreakdown": {
    "desktop": {
      "sessions": 56,
      "averageSessionDuration": 77.94732796428572,
      "pageViews": 139
    },
    "mobile": {
      "sessions": 25,
      "averageSessionDuration": 193.19057564,
      "pageViews": 109
    }
  }
}