{
  "totalSessions": 17,
  "averageSessionDuration": 19.921424529411766,
  "pagesPerSession": 1.3529411764705883,
  "deviceBreakdown": {
    "desktop": {
      "sessions": 12,
      "averageSessionDuration": 25.912954499999998,
      "pageViews": 18
    },
    "mobile": {
      "sessions": 5,
      "averageSessionDuration": 5.541752600000001,
      "pageViews": 5
    }
  }
}