{
  "totalSessions": 33,
  "averageSessionDuration": 25.9151153030303,
  "pagesPerSession": 1.3333333333333333,
  "deviceBreakdown": {
    "mobile": {
      "sessions": 17,
      "averageSessionDuration": 30.543389529411765,
      "pageViews": 26
    },
    "desktop": {
      "sessions": 16,
      "averageSessionDuration": 20.9975739375,
      "pageViews": 18
    }
  }
}