{
  "totalSessions": 39,
  "averageSessionDuration": 185.5873615128205,
  "pagesPerSession": 1.8461538461538463,
  "deviceBreakdown": {
    "mobile": {
      "sessions": 32,
      "averageSessionDuration": 196.88114278125,
      "pageViews": 48
    },
    "desktop": {
      "sessions": 7,
      "averageSessionDuration": 133.95864714285716,
      "pageViews": 24
    }
  }
}