{
  "totalSessions": 60,
  "averageSessionDuration": 145.81785528333333,
  "pagesPerSession": 1.6666666666666667,
  "deviceBreakdown": {
    "mobile": {
      "sessions": 42,
      "averageSessionDuration": 179.32364007142857,
      "pageViews": 62
    },
    "desktop": {
      "sessions": 18,
      "averageSessionDuration": 67.63769077777778,
      "pageViews": 38
    }
  }
}