{
  "totalSessions": 72,
  "averageSessionDuration": 123.18088055555556,
  "pagesPerSession": 3.1666666666666665,
  "deviceBreakdown": {
    "desktop": {
      "sessions": 49,
      "averageSessionDuration": 86.45402497959184,
      "pageViews": 126
    },
    "mobile": {
      "sessions": 23,
      "averageSessionDuration": 201.4250511304348,
      "pageViews": 102
    }
  }
}