{
  "totalSessions": 58,
  "averageSessionDuration": 83.83647108620688,
  "pagesPerSession": 2.810344827586207,
  "deviceBreakdown": {
    "desktop": {
      "sessions": 46,
      "averageSessionDuration": 87.95467926086957,
      "pageViews": 118
    },
    "mobile": {
      "sessions": 12,
      "averageSessionDuration": 68.05000641666666,
      "pageViews": 45
    }
  }
}