{
  "totalSessions": 53,
  "averageSessionDuration": 149.79548516981131,
  "pagesPerSession": 3.0377358490566038,
  "deviceBreakdown": {
    "mobile": {
      "sessions": 30,
      "averageSessionDuration": 154.7073593,
      "pageViews": 113
    },
    "desktop": {
      "sessions": 23,
      "averageSessionDuration": 143.38869282608695,
      "pageViews": 48
    }
  }
}