{
  "totalSessions": 23,
  "averageSessionDuration": 212.60172686956523,
  "pagesPerSession": 2.4347826086956523,
  "deviceBreakdown": {
    "mobile": {
      "sessions": 15,
      "averageSessionDuration": 258.2504244666667,
      "pageViews": 28
    },
    "desktop": {
      "sessions": 8,
      "averageSessionDuration": 127.010418875,
      "pageViews": 28
    }
  }
}