{
  "totalSessions": 49,
  "averageSessionDuration": 111.81762302040816,
  "pagesPerSession": 1.2448979591836735,
  "deviceBreakdown": {
    "mobile": {
      "sessions": 33,
      "averageSessionDuration": 157.18393587878788,
      "pageViews": 42
    },
    "desktop": {
      "sessions": 16,
      "averageSessionDuration": 18.24960275,
      "pageViews": 19
    }
  }
}