{
  "totalSessions": 86,
  "averageSessionDuration": 114.89665553488373,
  "pagesPerSession": 3.011627906976744,
  "deviceBreakdown": {
    "desktop": {
      "sessions": 58,
      "averageSessionDuration": 75.59417331034483,
      "pageViews": 140
    },
    "mobile": {
      "sessions": 28,
      "averageSessionDuration": 196.30894014285715,
      "pageViews": 119
    }
  }
}