{
  "totalSessions": 37,
  "averageSessionDuration": 30.292455135135132,
  "pagesPerSession": 1.7027027027027026,
  "deviceBreakdown": {
    "desktop": {
      "sessions": 19,
      "averageSessionDuration": 14.91917305263158,
      "pageViews": 25
    },
    "mobile": {
      "sessions": 18,
      "averageSessionDuration": 46.51980844444444,
      "pageViews": 38
    }
  }
}