{
  "totalSessions": 3,
  "averageSessionDuration": 59.57046166666667,
  "pagesPerSession": 2.3333333333333335,
  "deviceBreakdown": {
    "desktop": {
      "sessions": 3,
      "averageSessionDuration": 59.57046166666667,
      "pageViews": 7
    }
  }
}