{
  "totalSessions": 60,
  "averageSessionDuration": 131.54901038333335,
  "pagesPerSession": 2.7333333333333334,
  "deviceBreakdown": {
    "desktop": {
      "sessions": 30,
      "averageSessionDuration": 110.89204866666667,
      "pageViews": 55
    },
    "mobile": {
      "sessions": 30,
      "averageSessionDuration": 152.2059721,
      "pageViews": 109
    }
  }
}