{
  "totalSessions": 23,
  "averageSessionDuration": 16.020136869565217,
  "pagesPerSession": 1.3043478260869565,
  "deviceBreakdown": {
    "desktop": {
      "sessions": 16,
      "averageSessionDuration": 21.2971490625,
      "pageViews": 23
    },
    "mobile": {
      "sessions": 7,
      "averageSessionDuration": 3.9583947142857143,
      "pageViews": 7
    }
  }
}