{
  "totalSessions": 54,
  "averageSessionDuration": 122.71691716666666,
  "pagesPerSession": 1.2592592592592593,
  "deviceBreakdown": {
    "mobile": {
      "sessions": 38,
      "averageSessionDuration": 166.70315481578947,
      "pageViews": 49
    },
    "desktop": {
      "sessions": 16,
      "averageSessionDuration": 18.24960275,
      "pageViews": 19
    }
  }
}