{
  "totalSessions": 82,
  "averageSessionDuration": 112.44163397560976,
  "pagesPerSession": 3.073170731707317,
  "deviceBreakdown": {
    "desktop": {
      "sessions": 56,
      "averageSessionDuration": 77.94732796428572,
      "pageViews": 139
    },
    "mobile": {
      "sessions": 26,
      "averageSessionDuration": 186.73706230769233,
      "pageViews": 113
    }
  }
}