{
  "totalSessions": 56,
  "averageSessionDuration": 151.83305119642858,
  "pagesPerSession": 1.6607142857142858,
  "deviceBreakdown": {
    "mobile": {
      "sessions": 41,
      "averageSessionDuration": 183.6973873902439,
      "pageViews": 61
    },
    "desktop": {
      "sessions": 15,
      "averageSessionDuration": 64.73719893333333,
      "pageViews": 32
    }
  }
}