{
  "totalSessions": 38,
  "averageSessionDuration": 27.40415694736842,
  "pagesPerSession": 1.605263157894737,
  "deviceBreakdown": {
    "desktop": {
      "sessions": 19,
      "averageSessionDuration": 14.91917305263158,
      "pageViews": 25
    },
    "mobile": {
      "sessions": 19,
      "averageSessionDuration": 39.88914084210526,
      "pageViews": 36
    }
  }
}