{
  "totalSessions": 30,
  "averageSessionDuration": 28.506626833333332,
  "pagesPerSession": 1.3666666666666667,
  "deviceBreakdown": {
    "mobile": {
      "sessions": 17,
      "averageSessionDuration": 30.543389529411765,
      "pageViews": 26
    },
    "desktop": {
      "sessions": 13,
      "averageSessionDuration": 25.843167923076923,
      "pageViews": 15
    }
  }
}