{
  "totalSessions": 55,
  "averageSessionDuration": 154.59365212727272,
  "pagesPerSession": 1.6727272727272726,
  "deviceBreakdown": {
    "mobile": {
      "sessions": 41,
      "averageSessionDuration": 183.6973873902439,
      "pageViews": 61
    },
    "desktop": {
      "sessions": 14,
      "averageSessionDuration": 69.36128457142857,
      "pageViews": 31
    }
  }
}