{
  "totalSessions": 57,
  "averageSessionDuration": 153.49247924561402,
  "pagesPerSession": 1.7017543859649122,
  "deviceBreakdown": {
    "mobile": {
      "sessions": 41,
      "averageSessionDuration": 183.6973873902439,
      "pageViews": 61
    },
    "desktop": {
      "sessions": 16,
      "averageSessionDuration": 76.092402125,
      "pageViews": 36
    }
  }
}