{
  "totalSessions": 29,
  "averageSessionDuration": 25.822292275862072,
  "pagesPerSession": 1.4137931034482758,
  "deviceBreakdown": {
    "mobile": {
      "sessions": 17,
      "averageSessionDuration": 34.95207823529412,
      "pageViews": 29
    },
    "desktop": {
      "sessions": 12,
      "averageSessionDuration": 12.888428833333334,
      "pageViews": 12
    }
  }
}