{
  "totalSessions": 28,
  "averageSessionDuration": 19.394060857142854,
  "pagesPerSession": 1.4285714285714286,
  "deviceBreakdown": {
    "desktop": {
      "sessions": 18,
      "averageSessionDuration": 18.91827672222222,
      "pageViews": 26
    },
    "mobile": {
      "sessions": 10,
      "averageSessionDuration": 20.250472300000002,
      "pageViews": 14
    }
  }
}