{
  "totalSessions": 56,
  "averageSessionDuration": 141.96617880357144,
  "pagesPerSession": 2.9107142857142856,
  "deviceBreakdown": {
    "mobile": {
      "sessions": 30,
      "averageSessionDuration": 154.7073593,
      "pageViews": 113
    },
    "desktop": {
      "sessions": 26,
      "averageSessionDuration": 127.26481669230769,
      "pageViews": 50
    }
  }
}