{
  "totalSessions": 74,
  "averageSessionDuration": 119.28420598648648,
  "pagesPerSession": 3.0945945945945947,
  "deviceBreakdown": {
    "desktop": {
      "sessions": 50,
      "averageSessionDuration": 84.86630172,
      "pageViews": 126
    },
    "mobile": {
      "sessions": 24,
      "averageSessionDuration": 190.98817320833334,
      "pageViews": 103
    }
  }
}