{
  "totalSessions": 51,
  "averageSessionDuration": 97.5811055098039,
  "pagesPerSession": 2.4705882352941178,
  "deviceBreakdown": {
    "mobile": {
      "sessions": 29,
      "averageSessionDuration": 157.89083627586206,
      "pageViews": 95
    },
    "desktop": {
      "sessions": 22,
      "averageSessionDuration": 18.081914954545454,
      "pageViews": 31
    }
  }
}