{
  "totalSessions": 75,
  "averageSessionDuration": 107.89471733333335,
  "pagesPerSession": 2.9466666666666668,
  "deviceBreakdown": {
    "desktop": {
      "sessions": 49,
      "averageSessionDuration": 73.21016132653061,
      "pageViews": 111
    },
    "mobile": {
      "sessions": 26,
      "averageSessionDuration": 173.2617651923077,
      "pageViews": 110
    }
  }
}