{
  "totalSessions": 30,
  "averageSessionDuration": 30.41849406666667,
  "pagesPerSession": 1.5666666666666667,
  "deviceBreakdown": {
    "mobile": {
      "sessions": 18,
      "averageSessionDuration": 42.10520422222223,
      "pageViews": 35
    },
    "desktop": {
      "sessions": 12,
      "averageSessionDuration": 12.888428833333334,
      "pageViews": 12
    }
  }
}