{
  "totalSessions": 58,
  "averageSessionDuration": 146.5974287413793,
  "pagesPerSession": 1.6379310344827587,
  "deviceBreakdown": {
    "mobile": {
      "sessions": 41,
      "averageSessionDuration": 183.6973873902439,
      "pageViews": 61
    },
    "desktop": {
      "sessions": 17,
      "averageSessionDuration": 57.12105788235294,
      "pageViews": 34
    }
  }
}