{
  "totalSessions": 67,
  "averageSessionDuration": 234.12390392537316,
  "pagesPerSession": 3.0597014925373136,
  "deviceBreakdown": {
    "desktop": {
      "sessions": 48,
      "averageSessionDuration": 91.28415991666667,
      "pageViews": 122
    },
    "mobile": {
      "sessions": 19,
      "averageSessionDuration": 594.9822045789474,
      "pageViews": 83
    }
  }
}