{
  "totalSessions": 85,
  "averageSessionDuration": 108.25312252941178,
  "pagesPerSession": 2.988235294117647,
  "deviceBreakdown": {
    "desktop": {
      "sessions": 58,
      "averageSessionDuration": 75.25948906896552,
      "pageViews": 140
    },
    "mobile": {
      "sessions": 27,
      "averageSessionDuration": 179.12833514814815,
      "pageViews": 114
    }
  }
}