{
  "totalSessions": 23,
  "averageSessionDuration": 53.830077695652164,
  "pagesPerSession": 1.2608695652173914,
  "deviceBreakdown": {
    "desktop": {
      "sessions": 16,
      "averageSessionDuration": 17.827651125,
      "pageViews": 19
    },
    "mobile": {
      "sessions": 7,
      "averageSessionDuration": 136.12133842857142,
      "pageViews": 10
    }
  }
}