{
  "totalSessions": 18,
  "averageSessionDuration": 15.094946666666667,
  "pagesPerSession": 1.2777777777777777,
  "deviceBreakdown": {
    "desktop": {
      "sessions": 11,
      "averageSessionDuration": 21.36011972727273,
      "pageViews": 15
    },
    "mobile": {
      "sessions": 7,
      "averageSessionDuration": 5.249674714285715,
      "pageViews": 8
    }
  }
}