{
  "totalSessions": 31,
  "averageSessionDuration": 49.077527354838715,
  "pagesPerSession": 1.2258064516129032,
  "deviceBreakdown": {
    "desktop": {
      "sessions": 21,
      "averageSessionDuration": 13.80985876190476,
      "pageViews": 24
    },
    "mobile": {
      "sessions": 10,
      "averageSessionDuration": 123.13963140000001,
      "pageViews": 14
    }
  }
}