{
  "totalSessions": 82,
  "averageSessionDuration": 112.21360262195124,
  "pagesPerSession": 3.073170731707317,
  "deviceBreakdown": {
    "desktop": {
      "sessions": 56,
      "averageSessionDuration": 77.94732796428572,
      "pageViews": 139
    },
    "mobile": {
      "sessions": 26,
      "averageSessionDuration": 186.0178865,
      "pageViews": 113
    }
  }
}