{
  "totalSessions": 18,
  "averageSessionDuration": 20.64112677777778,
  "pagesPerSession": 1.3888888888888888,
  "deviceBreakdown": {
    "desktop": {
      "sessions": 11,
      "averageSessionDuration": 21.36011972727273,
      "pageViews": 15
    },
    "mobile": {
      "sessions": 7,
      "averageSessionDuration": 19.511280714285714,
      "pageViews": 10
    }
  }
}