{
  "totalSessions": 18,
  "averageSessionDuration": 18.814678722222222,
  "pagesPerSession": 1.3333333333333333,
  "deviceBreakdown": {
    "desktop": {
      "sessions": 13,
      "averageSessionDuration": 23.919650307692304,
      "pageViews": 19
    },
    "mobile": {
      "sessions": 5,
      "averageSessionDuration": 5.541752600000001,
      "pageViews": 5
    }
  }
}